property,contour,tesla,bev_num
1000 Van Ness,5,"Other
BEV",60
1000 Van Ness,5,Tesla,88
1000 Van Ness,7,"Other
BEV",146
1000 Van Ness,7,Tesla,218
1000 Van Ness,10,"Other
BEV",643
1000 Van Ness,10,Tesla,688
2Rodeo - CBRE,5,"Other
BEV",62
2Rodeo - CBRE,5,Tesla,220
2Rodeo - CBRE,7,"Other
BEV",170
2Rodeo - CBRE,7,Tesla,566
2Rodeo - CBRE,10,"Other
BEV",550
2Rodeo - CBRE,10,Tesla,1456
600 California,5,"Other
BEV",230
600 California,5,Tesla,131
600 California,7,"Other
BEV",447
600 California,7,Tesla,289
600 California,10,"Other
BEV",593
600 California,10,Tesla,604
8000 Sunset Strip,5,"Other
BEV",478
8000 Sunset Strip,5,Tesla,476
8000 Sunset Strip,7,"Other
BEV",840
8000 Sunset Strip,7,Tesla,1058
8000 Sunset Strip,10,"Other
BEV",1476
8000 Sunset Strip,10,Tesla,2092
ABB San Jose Headquarters,5,"Other
BEV",92
ABB San Jose Headquarters,5,Tesla,79
ABB San Jose Headquarters,7,"Other
BEV",442
ABB San Jose Headquarters,7,Tesla,361
ABB San Jose Headquarters,10,"Other
BEV",882
ABB San Jose Headquarters,10,Tesla,763
Anaheim Plaza,5,"Other
BEV",29
Anaheim Plaza,5,Tesla,30
Anaheim Plaza,7,"Other
BEV",78
Anaheim Plaza,7,Tesla,70
Anaheim Plaza,10,"Other
BEV",312
Anaheim Plaza,10,Tesla,215
Apollo Center,5,"Other
BEV",24
Apollo Center,5,Tesla,43
Apollo Center,7,"Other
BEV",59
Apollo Center,7,Tesla,94
Apollo Center,10,"Other
BEV",144
Apollo Center,10,Tesla,156
Applegate Ranch,5,"Other
BEV",2
Applegate Ranch,5,Tesla,0
Applegate Ranch,7,"Other
BEV",10
Applegate Ranch,7,Tesla,2
Applegate Ranch,10,"Other
BEV",25
Applegate Ranch,10,Tesla,7
Brea Mall,5,"Other
BEV",22
Brea Mall,5,Tesla,19
Brea Mall,7,"Other
BEV",86
Brea Mall,7,Tesla,91
Brea Mall,10,"Other
BEV",246
Brea Mall,10,Tesla,278
Bridgeport Marketplace,5,"Other
BEV",49
Bridgeport Marketplace,5,Tesla,43
Bridgeport Marketplace,7,"Other
BEV",157
Bridgeport Marketplace,7,Tesla,151
Bridgeport Marketplace,10,"Other
BEV",343
Bridgeport Marketplace,10,Tesla,346
Bristol Farms West Hollywood,5,"Other
BEV",114
Bristol Farms West Hollywood,5,Tesla,360
Bristol Farms West Hollywood,7,"Other
BEV",253
Bristol Farms West Hollywood,7,Tesla,733
Bristol Farms West Hollywood,10,"Other
BEV",647
Bristol Farms West Hollywood,10,Tesla,1443
Bristol Plaza - Santa Ana,5,"Other
BEV",52
Bristol Plaza - Santa Ana,5,Tesla,91
Bristol Plaza - Santa Ana,7,"Other
BEV",132
Bristol Plaza - Santa Ana,7,Tesla,208
Bristol Plaza - Santa Ana,10,"Other
BEV",306
Bristol Plaza - Santa Ana,10,Tesla,518
Broadway Plaza,5,"Other
BEV",6
Broadway Plaza,5,Tesla,3
Broadway Plaza,7,"Other
BEV",14
Broadway Plaza,7,Tesla,10
Broadway Plaza,10,"Other
BEV",59
Broadway Plaza,10,Tesla,25
Burlingame - Chula Vista Lot,5,"Other
BEV",101
Burlingame - Chula Vista Lot,5,Tesla,179
Burlingame - Chula Vista Lot,7,"Other
BEV",225
Burlingame - Chula Vista Lot,7,Tesla,411
Burlingame - Chula Vista Lot,10,"Other
BEV",479
Burlingame - Chula Vista Lot,10,Tesla,819
Camarillo Premium Outlets,5,"Other
BEV",1
Camarillo Premium Outlets,5,Tesla,1
Camarillo Premium Outlets,7,"Other
BEV",6
Camarillo Premium Outlets,7,Tesla,6
Camarillo Premium Outlets,10,"Other
BEV",64
Camarillo Premium Outlets,10,Tesla,77
Camino Town and Country,5,"Other
BEV",22
Camino Town and Country,5,Tesla,24
Camino Town and Country,7,"Other
BEV",84
Camino Town and Country,7,Tesla,80
Camino Town and Country,10,"Other
BEV",273
Camino Town and Country,10,Tesla,218
Canyon Country Plaza,5,"Other
BEV",36
Canyon Country Plaza,5,Tesla,16
Canyon Country Plaza,7,"Other
BEV",73
Canyon Country Plaza,7,Tesla,39
Canyon Country Plaza,10,"Other
BEV",153
Canyon Country Plaza,10,Tesla,112
Carlsbad Premium Outlets,5,"Other
BEV",5
Carlsbad Premium Outlets,5,Tesla,5
Carlsbad Premium Outlets,7,"Other
BEV",37
Carlsbad Premium Outlets,7,Tesla,56
Carlsbad Premium Outlets,10,"Other
BEV",137
Carlsbad Premium Outlets,10,Tesla,196
Chevron #207718 - Willow Road,5,"Other
BEV",47
Chevron #207718 - Willow Road,5,Tesla,54
Chevron #207718 - Willow Road,7,"Other
BEV",170
Chevron #207718 - Willow Road,7,Tesla,211
Chevron #207718 - Willow Road,10,"Other
BEV",872
Chevron #207718 - Willow Road,10,Tesla,1242
Chevron #91965 - Santa Monica Blvd,5,"Other
BEV",208
Chevron #91965 - Santa Monica Blvd,5,Tesla,420
Chevron #91965 - Santa Monica Blvd,7,"Other
BEV",448
Chevron #91965 - Santa Monica Blvd,7,Tesla,895
Chevron #91965 - Santa Monica Blvd,10,"Other
BEV",951
Chevron #91965 - Santa Monica Blvd,10,Tesla,1829
CIM - La Brea HPCP,5,"Other
BEV",178
CIM - La Brea HPCP,5,Tesla,154
CIM - La Brea HPCP,7,"Other
BEV",352
CIM - La Brea HPCP,7,Tesla,331
CIM - La Brea HPCP,10,"Other
BEV",726
CIM - La Brea HPCP,10,Tesla,706
City of Clovis,5,"Other
BEV",23
City of Clovis,5,Tesla,10
City of Clovis,7,"Other
BEV",51
City of Clovis,7,Tesla,21
City of Clovis,10,"Other
BEV",140
City of Clovis,10,Tesla,53
City of Foster City Police Station - HPCP,5,"Other
BEV",265
City of Foster City Police Station - HPCP,5,Tesla,228
City of Foster City Police Station - HPCP,7,"Other
BEV",430
City of Foster City Police Station - HPCP,7,Tesla,395
City of Foster City Police Station - HPCP,10,"Other
BEV",661
City of Foster City Police Station - HPCP,10,Tesla,640
City of Hermosa Beach Parking,5,"Other
BEV",94
City of Hermosa Beach Parking,5,Tesla,163
City of Hermosa Beach Parking,7,"Other
BEV",193
City of Hermosa Beach Parking,7,Tesla,316
City of Hermosa Beach Parking,10,"Other
BEV",555
City of Hermosa Beach Parking,10,Tesla,915
City of Millbrae - Broadway,5,"Other
BEV",72
City of Millbrae - Broadway,5,Tesla,109
City of Millbrae - Broadway,7,"Other
BEV",181
City of Millbrae - Broadway,7,Tesla,320
City of Millbrae - Broadway,10,"Other
BEV",460
City of Millbrae - Broadway,10,Tesla,756
City of Newport Beach,5,"Other
BEV",44
City of Newport Beach,5,Tesla,273
City of Newport Beach,7,"Other
BEV",129
City of Newport Beach,7,Tesla,755
City of Newport Beach,10,"Other
BEV",313
City of Newport Beach,10,Tesla,1570
City of Sacramento - Southside Park HPCP,5,"Other
BEV",29
City of Sacramento - Southside Park HPCP,5,Tesla,13
City of Sacramento - Southside Park HPCP,7,"Other
BEV",92
City of Sacramento - Southside Park HPCP,7,Tesla,33
City of Sacramento - Southside Park HPCP,10,"Other
BEV",350
City of Sacramento - Southside Park HPCP,10,Tesla,159
City of San Mateo - Freedom Station,5,"Other
BEV",60
City of San Mateo - Freedom Station,5,Tesla,44
City of San Mateo - Freedom Station,7,"Other
BEV",159
City of San Mateo - Freedom Station,7,Tesla,176
City of San Mateo - Freedom Station,10,"Other
BEV",425
City of San Mateo - Freedom Station,10,Tesla,628
City of St. Helena,5,"Other
BEV",15
City of St. Helena,5,Tesla,30
City of St. Helena,7,"Other
BEV",31
City of St. Helena,7,Tesla,63
City of St. Helena,10,"Other
BEV",36
City of St. Helena,10,Tesla,76
City of Union City,5,"Other
BEV",95
City of Union City,5,Tesla,66
City of Union City,7,"Other
BEV",203
City of Union City,7,Tesla,142
City of Union City,10,"Other
BEV",529
City of Union City,10,Tesla,327
City of Visalia,5,"Other
BEV",3
City of Visalia,5,Tesla,4
City of Visalia,7,"Other
BEV",12
City of Visalia,7,Tesla,10
City of Visalia,10,"Other
BEV",36
City of Visalia,10,Tesla,34
Clovis Commons,5,"Other
BEV",38
Clovis Commons,5,Tesla,19
Clovis Commons,7,"Other
BEV",92
Clovis Commons,7,Tesla,46
Clovis Commons,10,"Other
BEV",208
Clovis Commons,10,Tesla,101
Corona Hills Plaza,5,"Other
BEV",16
Corona Hills Plaza,5,Tesla,11
Corona Hills Plaza,7,"Other
BEV",47
Corona Hills Plaza,7,Tesla,34
Corona Hills Plaza,10,"Other
BEV",118
Corona Hills Plaza,10,Tesla,85
Country Fair Shopping Center,5,"Other
BEV",8
Country Fair Shopping Center,5,Tesla,4
Country Fair Shopping Center,7,"Other
BEV",36
Country Fair Shopping Center,7,Tesla,25
Country Fair Shopping Center,10,"Other
BEV",130
Country Fair Shopping Center,10,Tesla,98
Culver City stations,5,"Other
BEV",197
Culver City stations,5,Tesla,132
Culver City stations,7,"Other
BEV",426
Culver City stations,7,Tesla,306
Culver City stations,10,"Other
BEV",1001
Culver City stations,10,Tesla,906
Cupertino Village,5,"Other
BEV",284
Cupertino Village,5,Tesla,196
Cupertino Village,7,"Other
BEV",893
Cupertino Village,7,Tesla,610
Cupertino Village,10,"Other
BEV",3296
Cupertino Village,10,Tesla,2516
Del Amo Fashion Center,5,"Other
BEV",42
Del Amo Fashion Center,5,Tesla,36
Del Amo Fashion Center,7,"Other
BEV",155
Del Amo Fashion Center,7,Tesla,123
Del Amo Fashion Center,10,"Other
BEV",451
Del Amo Fashion Center,10,Tesla,423
Del Norte Plaza,5,"Other
BEV",7
Del Norte Plaza,5,Tesla,2
Del Norte Plaza,7,"Other
BEV",38
Del Norte Plaza,7,Tesla,11
Del Norte Plaza,10,"Other
BEV",135
Del Norte Plaza,10,Tesla,41
Desert Hills Premium Outlets,10,"Other
BEV",2
Dunlap - Huntington Harbor,5,"Other
BEV",112
Dunlap - Huntington Harbor,5,Tesla,182
Dunlap - Huntington Harbor,7,"Other
BEV",184
Dunlap - Huntington Harbor,7,Tesla,289
Dunlap - Huntington Harbor,10,"Other
BEV",437
Dunlap - Huntington Harbor,10,Tesla,735
Energy Innovation Center,5,"Other
BEV",45
Energy Innovation Center,5,Tesla,21
Energy Innovation Center,7,"Other
BEV",123
Energy Innovation Center,7,Tesla,61
Energy Innovation Center,10,"Other
BEV",430
Energy Innovation Center,10,Tesla,273
Esplanade Shopping Center,5,"Other
BEV",8
Esplanade Shopping Center,5,Tesla,8
Esplanade Shopping Center,7,"Other
BEV",31
Esplanade Shopping Center,7,Tesla,27
Esplanade Shopping Center,10,"Other
BEV",89
Esplanade Shopping Center,10,Tesla,92
F&E Calimesa #1238,5,"Other
BEV",4
F&E Calimesa #1238,5,Tesla,4
F&E Calimesa #1238,7,"Other
BEV",10
F&E Calimesa #1238,7,Tesla,7
F&E Calimesa #1238,10,"Other
BEV",28
F&E Calimesa #1238,10,Tesla,24
F&E Hayward #1307,5,"Other
BEV",13
F&E Hayward #1307,5,Tesla,6
F&E Hayward #1307,7,"Other
BEV",60
F&E Hayward #1307,7,Tesla,31
F&E Hayward #1307,10,"Other
BEV",168
F&E Hayward #1307,10,Tesla,97
F&E Long Beach #1353,5,"Other
BEV",92
F&E Long Beach #1353,5,Tesla,48
F&E Long Beach #1353,7,"Other
BEV",195
F&E Long Beach #1353,7,Tesla,111
F&E Long Beach #1353,10,"Other
BEV",504
F&E Long Beach #1353,10,Tesla,268
F&E Manhattan Beach #1063,5,"Other
BEV",83
F&E Manhattan Beach #1063,5,Tesla,158
F&E Manhattan Beach #1063,7,"Other
BEV",278
F&E Manhattan Beach #1063,7,Tesla,553
F&E Manhattan Beach #1063,10,"Other
BEV",761
F&E Manhattan Beach #1063,10,Tesla,1350
F&E Norwalk #1033,5,"Other
BEV",28
F&E Norwalk #1033,5,Tesla,6
F&E Norwalk #1033,7,"Other
BEV",87
F&E Norwalk #1033,7,Tesla,36
F&E Norwalk #1033,10,"Other
BEV",257
F&E Norwalk #1033,10,Tesla,156
F&E Ontario #1164,5,"Other
BEV",20
F&E Ontario #1164,5,Tesla,13
F&E Ontario #1164,7,"Other
BEV",49
F&E Ontario #1164,7,Tesla,35
F&E Ontario #1164,10,"Other
BEV",132
F&E Ontario #1164,10,Tesla,110
F&E Rosemead #1445,5,"Other
BEV",61
F&E Rosemead #1445,5,Tesla,74
F&E Rosemead #1445,7,"Other
BEV",187
F&E Rosemead #1445,7,Tesla,198
F&E Rosemead #1445,10,"Other
BEV",511
F&E Rosemead #1445,10,Tesla,494
F&E Signal Hill #1278,5,"Other
BEV",64
F&E Signal Hill #1278,5,Tesla,38
F&E Signal Hill #1278,7,"Other
BEV",119
F&E Signal Hill #1278,7,Tesla,66
F&E Signal Hill #1278,10,"Other
BEV",358
F&E Signal Hill #1278,10,Tesla,173
F&E Sunnyvale #1319 - Via Retail,5,"Other
BEV",173
F&E Sunnyvale #1319 - Via Retail,5,Tesla,159
F&E Sunnyvale #1319 - Via Retail,7,"Other
BEV",328
F&E Sunnyvale #1319 - Via Retail,7,Tesla,278
F&E Sunnyvale #1319 - Via Retail,10,"Other
BEV",945
F&E Sunnyvale #1319 - Via Retail,10,Tesla,803
Fairfield - Verdant Freedom Station,5,"Other
BEV",200
Fairfield - Verdant Freedom Station,5,Tesla,180
Fairfield - Verdant Freedom Station,7,"Other
BEV",371
Fairfield - Verdant Freedom Station,7,Tesla,337
Fairfield - Verdant Freedom Station,10,"Other
BEV",1063
Fairfield - Verdant Freedom Station,10,Tesla,838
Fashion Fair Mall,5,"Other
BEV",8
Fashion Fair Mall,5,Tesla,4
Fashion Fair Mall,7,"Other
BEV",37
Fashion Fair Mall,7,Tesla,11
Fashion Fair Mall,10,"Other
BEV",111
Fashion Fair Mall,10,Tesla,46
Fashion Valley,5,"Other
BEV",7
Fashion Valley,5,Tesla,7
Fashion Valley,7,"Other
BEV",66
Fashion Valley,7,Tesla,80
Fashion Valley,10,"Other
BEV",487
Fashion Valley,10,Tesla,444
Fenton Marketplace,5,"Other
BEV",8
Fenton Marketplace,5,Tesla,11
Fenton Marketplace,7,"Other
BEV",27
Fenton Marketplace,7,Tesla,35
Fenton Marketplace,10,"Other
BEV",199
Fenton Marketplace,10,Tesla,173
Flower Hill Promenade,5,"Other
BEV",13
Flower Hill Promenade,5,Tesla,35
Flower Hill Promenade,7,"Other
BEV",82
Flower Hill Promenade,7,Tesla,189
Flower Hill Promenade,10,"Other
BEV",382
Flower Hill Promenade,10,Tesla,691
Gateway Plaza-Vallejo,5,"Other
BEV",9
Gateway Plaza-Vallejo,5,Tesla,11
Gateway Plaza-Vallejo,7,"Other
BEV",27
Gateway Plaza-Vallejo,7,Tesla,25
Gateway Plaza-Vallejo,10,"Other
BEV",97
Gateway Plaza-Vallejo,10,Tesla,55
Gateway Plaza - Santa Fe Springs,5,"Other
BEV",10
Gateway Plaza - Santa Fe Springs,5,Tesla,5
Gateway Plaza - Santa Fe Springs,7,"Other
BEV",47
Gateway Plaza - Santa Fe Springs,7,Tesla,27
Gateway Plaza - Santa Fe Springs,10,"Other
BEV",145
Gateway Plaza - Santa Fe Springs,10,Tesla,89
Gelson's Calabasas,5,"Other
BEV",56
Gelson's Calabasas,5,Tesla,59
Gelson's Calabasas,7,"Other
BEV",103
Gelson's Calabasas,7,Tesla,114
Gelson's Calabasas,10,"Other
BEV",225
Gelson's Calabasas,10,Tesla,333
Gelsons Sherman Oaks,5,"Other
BEV",103
Gelsons Sherman Oaks,5,Tesla,138
Gelsons Sherman Oaks,7,"Other
BEV",285
Gelsons Sherman Oaks,7,Tesla,404
Gelsons Sherman Oaks,10,"Other
BEV",625
Gelsons Sherman Oaks,10,Tesla,895
Gilroy Premium Outlets,5,"Other
BEV",1
Gilroy Premium Outlets,5,Tesla,1
Gilroy Premium Outlets,7,"Other
BEV",24
Gilroy Premium Outlets,7,Tesla,21
Gilroy Premium Outlets,10,"Other
BEV",79
Gilroy Premium Outlets,10,Tesla,69
Great Mall,5,"Other
BEV",103
Great Mall,5,Tesla,78
Great Mall,7,"Other
BEV",310
Great Mall,7,Tesla,221
Great Mall,10,"Other
BEV",931
Great Mall,10,Tesla,669
Hollywest Promenade,5,"Other
BEV",161
Hollywest Promenade,5,Tesla,150
Hollywest Promenade,7,"Other
BEV",349
Hollywest Promenade,7,Tesla,322
Hollywest Promenade,10,"Other
BEV",821
Hollywest Promenade,10,Tesla,725
Ince Garage,5,"Other
BEV",135
Ince Garage,5,Tesla,85
Ince Garage,7,"Other
BEV",343
Ince Garage,7,Tesla,263
Ince Garage,10,"Other
BEV",870
Ince Garage,10,Tesla,756
Inland Center,5,"Other
BEV",0
Inland Center,5,Tesla,0
Inland Center,7,"Other
BEV",2
Inland Center,7,Tesla,3
Inland Center,10,"Other
BEV",19
Inland Center,10,Tesla,12
IQ Air - La Mirada,5,"Other
BEV",6
IQ Air - La Mirada,5,Tesla,9
IQ Air - La Mirada,7,"Other
BEV",55
IQ Air - La Mirada,7,Tesla,53
IQ Air - La Mirada,10,"Other
BEV",274
IQ Air - La Mirada,10,Tesla,211
Lake Elsinore Outlet Mall,5,"Other
BEV",4
Lake Elsinore Outlet Mall,5,Tesla,3
Lake Elsinore Outlet Mall,7,"Other
BEV",13
Lake Elsinore Outlet Mall,7,Tesla,7
Lake Elsinore Outlet Mall,10,"Other
BEV",44
Lake Elsinore Outlet Mall,10,Tesla,30
Lakewood Center,5,"Other
BEV",10
Lakewood Center,5,Tesla,7
Lakewood Center,7,"Other
BEV",55
Lakewood Center,7,Tesla,30
Lakewood Center,10,"Other
BEV",211
Lakewood Center,10,Tesla,99
Larwin Square,5,"Other
BEV",35
Larwin Square,5,Tesla,29
Larwin Square,7,"Other
BEV",116
Larwin Square,7,Tesla,112
Larwin Square,10,"Other
BEV",344
Larwin Square,10,Tesla,432
Las Americas Premium Outlets,5,"Other
BEV",1
Las Americas Premium Outlets,7,"Other
BEV",3
Las Americas Premium Outlets,7,Tesla,0
Las Americas Premium Outlets,10,"Other
BEV",11
Las Americas Premium Outlets,10,Tesla,4
Las Palmas Shopping Center - Paragon,5,"Other
BEV",3
Las Palmas Shopping Center - Paragon,5,Tesla,9
Las Palmas Shopping Center - Paragon,7,"Other
BEV",11
Las Palmas Shopping Center - Paragon,7,Tesla,37
Las Palmas Shopping Center - Paragon,10,"Other
BEV",38
Las Palmas Shopping Center - Paragon,10,Tesla,123
Lazy Acres - Encinitas,5,"Other
BEV",20
Lazy Acres - Encinitas,5,Tesla,21
Lazy Acres - Encinitas,7,"Other
BEV",81
Lazy Acres - Encinitas,7,Tesla,90
Lazy Acres - Encinitas,10,"Other
BEV",236
Lazy Acres - Encinitas,10,Tesla,297
Lazy Acres - Hermosa Beach,5,"Other
BEV",386
Lazy Acres - Hermosa Beach,5,Tesla,630
Lazy Acres - Hermosa Beach,7,"Other
BEV",685
Lazy Acres - Hermosa Beach,7,Tesla,1144
Lazy Acres - Hermosa Beach,10,"Other
BEV",1130
Lazy Acres - Hermosa Beach,10,Tesla,1868
Lazy Acres - HIllcrest,5,"Other
BEV",86
Lazy Acres - HIllcrest,5,Tesla,71
Lazy Acres - HIllcrest,7,"Other
BEV",185
Lazy Acres - HIllcrest,7,Tesla,183
Lazy Acres - HIllcrest,10,"Other
BEV",498
Lazy Acres - HIllcrest,10,Tesla,451
Legacy - Nineteen800 Freedom Station,5,"Other
BEV",253
Legacy - Nineteen800 Freedom Station,5,Tesla,189
Legacy - Nineteen800 Freedom Station,7,"Other
BEV",932
Legacy - Nineteen800 Freedom Station,7,Tesla,640
Legacy - Nineteen800 Freedom Station,10,"Other
BEV",3230
Legacy - Nineteen800 Freedom Station,10,Tesla,2261
Lincoln Place Apartments,5,"Other
BEV",253
Lincoln Place Apartments,5,Tesla,209
Lincoln Place Apartments,7,"Other
BEV",506
Lincoln Place Apartments,7,Tesla,479
Lincoln Place Apartments,10,"Other
BEV",959
Lincoln Place Apartments,10,Tesla,964
Linda Mar,5,"Other
BEV",6
Linda Mar,5,Tesla,3
Linda Mar,7,"Other
BEV",19
Linda Mar,7,Tesla,9
Linda Mar,10,"Other
BEV",54
Linda Mar,10,Tesla,24
Los Cerritos Center,7,"Other
BEV",12
Los Cerritos Center,7,Tesla,10
Los Cerritos Center,10,"Other
BEV",98
Los Cerritos Center,10,Tesla,87
Lucky Capitola #702,5,"Other
BEV",38
Lucky Capitola #702,5,Tesla,28
Lucky Capitola #702,7,"Other
BEV",80
Lucky Capitola #702,7,Tesla,57
Lucky Capitola #702,10,"Other
BEV",158
Lucky Capitola #702,10,Tesla,126
Lucky Daly City #707,5,"Other
BEV",19
Lucky Daly City #707,5,Tesla,14
Lucky Daly City #707,7,"Other
BEV",56
Lucky Daly City #707,7,Tesla,41
Lucky Daly City #707,10,"Other
BEV",180
Lucky Daly City #707,10,Tesla,120
Lucky Fremont #714,5,"Other
BEV",158
Lucky Fremont #714,5,Tesla,82
Lucky Fremont #714,7,"Other
BEV",465
Lucky Fremont #714,7,Tesla,235
Lucky Fremont #714,10,"Other
BEV",1400
Lucky Fremont #714,10,Tesla,663
Lucky Hayward (Santa Clara St) #716,5,"Other
BEV",18
Lucky Hayward (Santa Clara St) #716,5,Tesla,8
Lucky Hayward (Santa Clara St) #716,7,"Other
BEV",64
Lucky Hayward (Santa Clara St) #716,7,Tesla,33
Lucky Hayward (Santa Clara St) #716,10,"Other
BEV",230
Lucky Hayward (Santa Clara St) #716,10,Tesla,151
Lucky Hollister #719,5,"Other
BEV",15
Lucky Hollister #719,5,Tesla,10
Lucky Hollister #719,7,"Other
BEV",28
Lucky Hollister #719,7,Tesla,23
Lucky Hollister #719,10,"Other
BEV",39
Lucky Hollister #719,10,Tesla,35
Lucky Los Altos #723,5,"Other
BEV",182
Lucky Los Altos #723,5,Tesla,262
Lucky Los Altos #723,7,"Other
BEV",509
Lucky Los Altos #723,7,Tesla,765
Lucky Los Altos #723,10,"Other
BEV",1546
Lucky Los Altos #723,10,Tesla,1976
Lucky Martinez #725,5,"Other
BEV",31
Lucky Martinez #725,5,Tesla,22
Lucky Martinez #725,7,"Other
BEV",56
Lucky Martinez #725,7,Tesla,39
Lucky Martinez #725,10,"Other
BEV",136
Lucky Martinez #725,10,Tesla,78
Lucky Napa (Trancas St) #731,5,"Other
BEV",27
Lucky Napa (Trancas St) #731,5,Tesla,24
Lucky Napa (Trancas St) #731,7,"Other
BEV",59
Lucky Napa (Trancas St) #731,7,Tesla,48
Lucky Napa (Trancas St) #731,10,"Other
BEV",127
Lucky Napa (Trancas St) #731,10,Tesla,122
Lucky San Jose #758,5,"Other
BEV",205
Lucky San Jose #758,5,Tesla,112
Lucky San Jose #758,7,"Other
BEV",400
Lucky San Jose #758,7,Tesla,219
Lucky San Jose #758,10,"Other
BEV",1102
Lucky San Jose #758,10,Tesla,640
Lucky Sand City #772,5,"Other
BEV",5
Lucky Sand City #772,5,Tesla,1
Lucky Sand City #772,7,"Other
BEV",15
Lucky Sand City #772,7,Tesla,6
Lucky Sand City #772,10,"Other
BEV",32
Lucky Sand City #772,10,Tesla,25
Lucky Sebastopol #777,5,"Other
BEV",40
Lucky Sebastopol #777,5,Tesla,12
Lucky Sebastopol #777,7,"Other
BEV",65
Lucky Sebastopol #777,7,Tesla,18
Lucky Sebastopol #777,10,"Other
BEV",146
Lucky Sebastopol #777,10,Tesla,39
Mall of Victor Valley,5,"Other
BEV",1
Mall of Victor Valley,5,Tesla,1
Mall of Victor Valley,7,"Other
BEV",2
Mall of Victor Valley,7,Tesla,3
Mall of Victor Valley,10,"Other
BEV",10
Mall of Victor Valley,10,Tesla,8
Marsh Manor Shopping Center,5,"Other
BEV",115
Marsh Manor Shopping Center,5,Tesla,130
Marsh Manor Shopping Center,7,"Other
BEV",277
Marsh Manor Shopping Center,7,Tesla,414
Marsh Manor Shopping Center,10,"Other
BEV",638
Marsh Manor Shopping Center,10,Tesla,1010
Melrose Village,5,"Other
BEV",23
Melrose Village,5,Tesla,20
Melrose Village,7,"Other
BEV",68
Melrose Village,7,Tesla,54
Melrose Village,10,"Other
BEV",149
Melrose Village,10,Tesla,120
Metro Point,5,"Other
BEV",23
Metro Point,5,Tesla,31
Metro Point,7,"Other
BEV",67
Metro Point,7,Tesla,97
Metro Point,10,"Other
BEV",281
Metro Point,10,Tesla,489
Mira Mesa Mall,5,"Other
BEV",62
Mira Mesa Mall,5,Tesla,41
Mira Mesa Mall,7,"Other
BEV",162
Mira Mesa Mall,7,Tesla,112
Mira Mesa Mall,10,"Other
BEV",269
Mira Mesa Mall,10,Tesla,224
Morongo Casino,10,"Other
BEV",0
Napa Premium Outlets,5,"Other
BEV",29
Napa Premium Outlets,5,Tesla,11
Napa Premium Outlets,7,"Other
BEV",64
Napa Premium Outlets,7,Tesla,40
Napa Premium Outlets,10,"Other
BEV",136
Napa Premium Outlets,10,Tesla,126
New Leaf Half Moon Bay,10,"Other
BEV",9
New Leaf Half Moon Bay,10,Tesla,10
New Seasons Sunnyvale,5,"Other
BEV",366
New Seasons Sunnyvale,5,Tesla,244
New Seasons Sunnyvale,7,"Other
BEV",1003
New Seasons Sunnyvale,7,Tesla,715
New Seasons Sunnyvale,10,"Other
BEV",2228
New Seasons Sunnyvale,10,Tesla,1607
Newport Coast Community Center,5,"Other
BEV",30
Newport Coast Community Center,5,Tesla,216
Newport Coast Community Center,7,"Other
BEV",129
Newport Coast Community Center,7,Tesla,689
Newport Coast Community Center,10,"Other
BEV",411
Newport Coast Community Center,10,Tesla,1599
Nob Hill Alameda #632,5,"Other
BEV",111
Nob Hill Alameda #632,5,Tesla,50
Nob Hill Alameda #632,7,"Other
BEV",214
Nob Hill Alameda #632,7,Tesla,109
Nob Hill Alameda #632,10,"Other
BEV",422
Nob Hill Alameda #632,10,Tesla,212
Nob Hill Mountain View #634,5,"Other
BEV",158
Nob Hill Mountain View #634,5,Tesla,136
Nob Hill Mountain View #634,7,"Other
BEV",567
Nob Hill Mountain View #634,7,Tesla,543
Nob Hill Mountain View #634,10,"Other
BEV",2046
Nob Hill Mountain View #634,10,Tesla,2137
Nob Hill Watsonville #617,5,"Other
BEV",6
Nob Hill Watsonville #617,5,Tesla,5
Nob Hill Watsonville #617,7,"Other
BEV",16
Nob Hill Watsonville #617,7,Tesla,12
Nob Hill Watsonville #617,10,"Other
BEV",29
Nob Hill Watsonville #617,10,Tesla,23
Northgate Mall - San Francisco,5,"Other
BEV",34
Northgate Mall - San Francisco,5,Tesla,22
Northgate Mall - San Francisco,7,"Other
BEV",80
Northgate Mall - San Francisco,7,Tesla,47
Northgate Mall - San Francisco,10,"Other
BEV",180
Northgate Mall - San Francisco,10,Tesla,109
Oakland - Lafayette Square,5,"Other
BEV",17
Oakland - Lafayette Square,5,Tesla,16
Oakland - Lafayette Square,7,"Other
BEV",61
Oakland - Lafayette Square,7,Tesla,52
Oakland - Lafayette Square,10,"Other
BEV",199
Oakland - Lafayette Square,10,Tesla,129
Oakland - Lake Park,5,"Other
BEV",173
Oakland - Lake Park,5,Tesla,89
Oakland - Lake Park,7,"Other
BEV",446
Oakland - Lake Park,7,Tesla,255
Oakland - Lake Park,10,"Other
BEV",1274
Oakland - Lake Park,10,Tesla,702
Oaks Mall,5,"Other
BEV",2
Oaks Mall,5,Tesla,5
Oaks Mall,7,"Other
BEV",14
Oaks Mall,7,Tesla,24
Oaks Mall,10,"Other
BEV",72
Oaks Mall,10,Tesla,107
Ocean View Plaza,7,"Other
BEV",3
Ocean View Plaza,7,Tesla,8
Ocean View Plaza,10,"Other
BEV",49
Ocean View Plaza,10,Tesla,78
Oceanwest Deli,5,"Other
BEV",18
Oceanwest Deli,5,Tesla,53
Oceanwest Deli,7,"Other
BEV",64
Oceanwest Deli,7,Tesla,170
Oceanwest Deli,10,"Other
BEV",431
Oceanwest Deli,10,Tesla,825
Ontario Mills,5,"Other
BEV",1
Ontario Mills,5,Tesla,5
Ontario Mills,7,"Other
BEV",2
Ontario Mills,7,Tesla,10
Ontario Mills,10,"Other
BEV",21
Ontario Mills,10,Tesla,46
Outlets at Orange,5,"Other
BEV",18
Outlets at Orange,5,Tesla,13
Outlets at Orange,7,"Other
BEV",49
Outlets at Orange,7,Tesla,51
Outlets at Orange,10,"Other
BEV",201
Outlets at Orange,10,Tesla,199
Pacific View Mall,5,"Other
BEV",8
Pacific View Mall,5,Tesla,9
Pacific View Mall,7,"Other
BEV",40
Pacific View Mall,7,Tesla,34
Pacific View Mall,10,"Other
BEV",111
Pacific View Mall,10,Tesla,91
Parking Lot: P703,5,"Other
BEV",13
Parking Lot: P703,5,Tesla,15
Parking Lot: P703,7,"Other
BEV",36
Parking Lot: P703,7,Tesla,45
Parking Lot: P703,10,"Other
BEV",213
Parking Lot: P703,10,Tesla,268
Pavilions Place,5,"Other
BEV",29
Pavilions Place,5,Tesla,36
Pavilions Place,7,"Other
BEV",117
Pavilions Place,7,Tesla,152
Pavilions Place,10,"Other
BEV",430
Pavilions Place,10,Tesla,517
Petaluma Village Premium Outlets,5,"Other
BEV",10
Petaluma Village Premium Outlets,5,Tesla,3
Petaluma Village Premium Outlets,7,"Other
BEV",32
Petaluma Village Premium Outlets,7,Tesla,9
Petaluma Village Premium Outlets,10,"Other
BEV",137
Petaluma Village Premium Outlets,10,Tesla,40
Petersen Automotive Museum,5,"Other
BEV",142
Petersen Automotive Museum,5,Tesla,146
Petersen Automotive Museum,7,"Other
BEV",332
Petersen Automotive Museum,7,Tesla,338
Petersen Automotive Museum,10,"Other
BEV",700
Petersen Automotive Museum,10,Tesla,967
Playa Vista Community Center,5,"Other
BEV",148
Playa Vista Community Center,5,Tesla,271
Playa Vista Community Center,7,"Other
BEV",307
Playa Vista Community Center,7,Tesla,447
Playa Vista Community Center,10,"Other
BEV",855
Playa Vista Community Center,10,Tesla,1050
Plaza Rio Vista - Cathedral City,5,"Other
BEV",7
Plaza Rio Vista - Cathedral City,5,Tesla,8
Plaza Rio Vista - Cathedral City,7,"Other
BEV",17
Plaza Rio Vista - Cathedral City,7,Tesla,20
Plaza Rio Vista - Cathedral City,10,"Other
BEV",73
Plaza Rio Vista - Cathedral City,10,Tesla,78
Promenade at Downey,5,"Other
BEV",14
Promenade at Downey,5,Tesla,9
Promenade at Downey,7,"Other
BEV",52
Promenade at Downey,7,Tesla,44
Promenade at Downey,10,"Other
BEV",148
Promenade at Downey,10,Tesla,129
Promenade on the Peninsula,5,"Other
BEV",49
Promenade on the Peninsula,5,Tesla,84
Promenade on the Peninsula,7,"Other
BEV",149
Promenade on the Peninsula,7,Tesla,238
Promenade on the Peninsula,10,"Other
BEV",302
Promenade on the Peninsula,10,Tesla,559
Public Market,5,"Other
BEV",40
Public Market,5,Tesla,37
Public Market,7,"Other
BEV",94
Public Market,7,Tesla,76
Public Market,10,"Other
BEV",381
Public Market,10,Tesla,209
Puente Hills Town Center,5,"Other
BEV",35
Puente Hills Town Center,5,Tesla,34
Puente Hills Town Center,7,"Other
BEV",77
Puente Hills Town Center,7,Tesla,81
Puente Hills Town Center,10,"Other
BEV",183
Puente Hills Town Center,10,Tesla,176
Raley's Brentwood #336,5,"Other
BEV",22
Raley's Brentwood #336,5,Tesla,24
Raley's Brentwood #336,7,"Other
BEV",56
Raley's Brentwood #336,7,Tesla,58
Raley's Brentwood #336,10,"Other
BEV",112
Raley's Brentwood #336,10,Tesla,111
Raley's Rancho Cordova #440,5,"Other
BEV",13
Raley's Rancho Cordova #440,5,Tesla,2
Raley's Rancho Cordova #440,7,"Other
BEV",27
Raley's Rancho Cordova #440,7,Tesla,7
Raley's Rancho Cordova #440,10,"Other
BEV",58
Raley's Rancho Cordova #440,10,Tesla,34
Rancho Penasquitos Towne Ctr,5,"Other
BEV",78
Rancho Penasquitos Towne Ctr,5,Tesla,43
Rancho Penasquitos Towne Ctr,7,"Other
BEV",179
Rancho Penasquitos Towne Ctr,7,Tesla,131
Rancho Penasquitos Towne Ctr,10,"Other
BEV",378
Rancho Penasquitos Towne Ctr,10,Tesla,304
Rialto Market Place,5,"Other
BEV",14
Rialto Market Place,5,Tesla,3
Rialto Market Place,7,"Other
BEV",31
Rialto Market Place,7,Tesla,7
Rialto Market Place,10,"Other
BEV",53
Rialto Market Place,10,Tesla,15
Rose Pavilion - Pleasanton (Fresh & Easy),5,"Other
BEV",130
Rose Pavilion - Pleasanton (Fresh & Easy),5,Tesla,94
Rose Pavilion - Pleasanton (Fresh & Easy),7,"Other
BEV",326
Rose Pavilion - Pleasanton (Fresh & Easy),7,Tesla,240
Rose Pavilion - Pleasanton (Fresh & Easy),10,"Other
BEV",725
Rose Pavilion - Pleasanton (Fresh & Easy),10,Tesla,639
Rosecrans Plaza,5,"Other
BEV",10
Rosecrans Plaza,5,Tesla,8
Rosecrans Plaza,7,"Other
BEV",45
Rosecrans Plaza,7,Tesla,41
Rosecrans Plaza,10,"Other
BEV",427
Rosecrans Plaza,10,Tesla,405
San Carlos Library,5,"Other
BEV",192
San Carlos Library,5,Tesla,148
San Carlos Library,7,"Other
BEV",403
San Carlos Library,7,Tesla,341
San Carlos Library,10,"Other
BEV",798
San Carlos Library,10,Tesla,722
San Diego Tech Center,5,"Other
BEV",11
San Diego Tech Center,5,Tesla,12
San Diego Tech Center,7,"Other
BEV",23
San Diego Tech Center,7,Tesla,26
San Diego Tech Center,10,"Other
BEV",132
San Diego Tech Center,10,Tesla,199
San Dimas Plaza,5,"Other
BEV",19
San Dimas Plaza,5,Tesla,11
San Dimas Plaza,7,"Other
BEV",70
San Dimas Plaza,7,Tesla,39
San Dimas Plaza,10,"Other
BEV",170
San Dimas Plaza,10,Tesla,108
San Francisco Civic Center,5,"Other
BEV",79
San Francisco Civic Center,5,Tesla,60
San Francisco Civic Center,7,"Other
BEV",172
San Francisco Civic Center,7,Tesla,168
San Francisco Civic Center,10,"Other
BEV",515
San Francisco Civic Center,10,Tesla,507
San Francisco Premium Outlets,7,"Other
BEV",20
San Francisco Premium Outlets,7,Tesla,10
San Francisco Premium Outlets,10,"Other
BEV",197
San Francisco Premium Outlets,10,Tesla,144
Santa Fe Trail Plaza,5,"Other
BEV",15
Santa Fe Trail Plaza,5,Tesla,23
Santa Fe Trail Plaza,7,"Other
BEV",78
Santa Fe Trail Plaza,7,Tesla,84
Santa Fe Trail Plaza,10,"Other
BEV",351
Santa Fe Trail Plaza,10,Tesla,367
Santa Rosa Plaza,5,"Other
BEV",42
Santa Rosa Plaza,5,Tesla,6
Santa Rosa Plaza,7,"Other
BEV",146
Santa Rosa Plaza,7,Tesla,30
Santa Rosa Plaza,10,"Other
BEV",418
Santa Rosa Plaza,10,Tesla,108
Santee Trolley,5,"Other
BEV",9
Santee Trolley,5,Tesla,4
Santee Trolley,7,"Other
BEV",28
Santee Trolley,7,Tesla,12
Santee Trolley,10,"Other
BEV",75
Santee Trolley,10,Tesla,46
Sassounian Huntington Beach,5,"Other
BEV",112
Sassounian Huntington Beach,5,Tesla,133
Sassounian Huntington Beach,7,"Other
BEV",250
Sassounian Huntington Beach,7,Tesla,318
Sassounian Huntington Beach,10,"Other
BEV",455
Sassounian Huntington Beach,10,Tesla,678
Save Mart Chowchilla #103,5,"Other
BEV",0
Save Mart Chowchilla #103,5,Tesla,0
Save Mart Chowchilla #103,7,"Other
BEV",0
Save Mart Chowchilla #103,7,Tesla,0
Save Mart Chowchilla #103,10,"Other
BEV",1
Save Mart Chowchilla #103,10,Tesla,1
Save Mart Madera (Howard Rd) #77,5,"Other
BEV",7
Save Mart Madera (Howard Rd) #77,5,Tesla,2
Save Mart Madera (Howard Rd) #77,7,"Other
BEV",15
Save Mart Madera (Howard Rd) #77,7,Tesla,4
Save Mart Madera (Howard Rd) #77,10,"Other
BEV",24
Save Mart Madera (Howard Rd) #77,10,Tesla,7
Savi Ranch - Yorba Linda,10,"Other
BEV",40
Savi Ranch - Yorba Linda,10,Tesla,50
SD CalTrans Dist. 11 HQ,5,"Other
BEV",34
SD CalTrans Dist. 11 HQ,5,Tesla,38
SD CalTrans Dist. 11 HQ,7,"Other
BEV",88
SD CalTrans Dist. 11 HQ,7,Tesla,92
SD CalTrans Dist. 11 HQ,10,"Other
BEV",460
SD CalTrans Dist. 11 HQ,10,Tesla,454
"Serfas Service Station, LLC",5,"Other
BEV",21
"Serfas Service Station, LLC",5,Tesla,11
"Serfas Service Station, LLC",7,"Other
BEV",66
"Serfas Service Station, LLC",7,Tesla,37
"Serfas Service Station, LLC",10,"Other
BEV",142
"Serfas Service Station, LLC",10,Tesla,89
Shops at Mission Viejo,5,"Other
BEV",7
Shops at Mission Viejo,5,Tesla,9
Shops at Mission Viejo,7,"Other
BEV",46
Shops at Mission Viejo,7,Tesla,61
Shops at Mission Viejo,10,"Other
BEV",258
Shops at Mission Viejo,10,Tesla,381
South San Francisco - Miller Garage,5,"Other
BEV",18
South San Francisco - Miller Garage,5,Tesla,29
South San Francisco - Miller Garage,7,"Other
BEV",45
South San Francisco - Miller Garage,7,Tesla,63
South San Francisco - Miller Garage,10,"Other
BEV",135
South San Francisco - Miller Garage,10,Tesla,169
Stoneridge Shopping Center,5,"Other
BEV",17
Stoneridge Shopping Center,5,Tesla,28
Stoneridge Shopping Center,7,"Other
BEV",42
Stoneridge Shopping Center,7,Tesla,59
Stoneridge Shopping Center,10,"Other
BEV",183
Stoneridge Shopping Center,10,Tesla,206
Stonewood Center,5,"Other
BEV",6
Stonewood Center,5,Tesla,5
Stonewood Center,7,"Other
BEV",23
Stonewood Center,7,Tesla,29
Stonewood Center,10,"Other
BEV",74
Stonewood Center,10,Tesla,94
Swan Court Hotel,5,"Other
BEV",1
Swan Court Hotel,7,"Other
BEV",3
Swan Court Hotel,10,"Other
BEV",7
Swan Court Hotel,10,Tesla,2
Sywest - Dicks Sporting Goods / Crossroads,5,"Other
BEV",17
Sywest - Dicks Sporting Goods / Crossroads,5,Tesla,20
Sywest - Dicks Sporting Goods / Crossroads,7,"Other
BEV",63
Sywest - Dicks Sporting Goods / Crossroads,7,Tesla,57
Sywest - Dicks Sporting Goods / Crossroads,10,"Other
BEV",232
Sywest - Dicks Sporting Goods / Crossroads,10,Tesla,199
Tarragona Plaza,5,"Other
BEV",64
Tarragona Plaza,5,Tesla,43
Tarragona Plaza,7,"Other
BEV",132
Tarragona Plaza,7,Tesla,92
Tarragona Plaza,10,"Other
BEV",273
Tarragona Plaza,10,Tesla,218
Temecula Brixmor - Vail Ranch Center,5,"Other
BEV",4
Temecula Brixmor - Vail Ranch Center,5,Tesla,2
Temecula Brixmor - Vail Ranch Center,7,"Other
BEV",20
Temecula Brixmor - Vail Ranch Center,7,Tesla,16
Temecula Brixmor - Vail Ranch Center,10,"Other
BEV",86
Temecula Brixmor - Vail Ranch Center,10,Tesla,69
The Americana at Brand,5,"Other
BEV",78
The Americana at Brand,5,Tesla,67
The Americana at Brand,7,"Other
BEV",169
The Americana at Brand,7,Tesla,122
The Americana at Brand,10,"Other
BEV",394
The Americana at Brand,10,Tesla,270
The Current (FS),5,"Other
BEV",70
The Current (FS),5,Tesla,51
The Current (FS),7,"Other
BEV",128
The Current (FS),7,Tesla,83
The Current (FS),10,"Other
BEV",282
The Current (FS),10,Tesla,154
The Village at Corte Madera,7,"Other
BEV",25
The Village at Corte Madera,7,Tesla,28
The Village at Corte Madera,10,"Other
BEV",154
The Village at Corte Madera,10,Tesla,189
Town Center Gateway - Menifee,5,"Other
BEV",1
Town Center Gateway - Menifee,5,Tesla,2
Town Center Gateway - Menifee,7,"Other
BEV",3
Town Center Gateway - Menifee,7,Tesla,5
Town Center Gateway - Menifee,10,"Other
BEV",25
Town Center Gateway - Menifee,10,Tesla,19
Town of Colma,5,"Other
BEV",30
Town of Colma,5,Tesla,36
Town of Colma,7,"Other
BEV",110
Town of Colma,7,Tesla,110
Town of Colma,10,"Other
BEV",329
Town of Colma,10,Tesla,368
UCLA - Lot 4,5,"Other
BEV",39
UCLA - Lot 4,5,Tesla,77
UCLA - Lot 4,7,"Other
BEV",111
UCLA - Lot 4,7,Tesla,242
UCLA - Lot 4,10,"Other
BEV",316
UCLA - Lot 4,10,Tesla,879
Union 76 - Valley Village,5,"Other
BEV",229
Union 76 - Valley Village,5,Tesla,230
Union 76 - Valley Village,7,"Other
BEV",531
Union 76 - Valley Village,7,Tesla,555
Union 76 - Valley Village,10,"Other
BEV",1133
Union 76 - Valley Village,10,Tesla,1211
University of California - UC Hastings - Freedom Station,5,"Other
BEV",87
University of California - UC Hastings - Freedom Station,5,Tesla,73
University of California - UC Hastings - Freedom Station,7,"Other
BEV",182
University of California - UC Hastings - Freedom Station,7,Tesla,181
University of California - UC Hastings - Freedom Station,10,"Other
BEV",545
University of California - UC Hastings - Freedom Station,10,Tesla,539
Vacaville Premium Outlets,5,"Other
BEV",10
Vacaville Premium Outlets,5,Tesla,10
Vacaville Premium Outlets,7,"Other
BEV",25
Vacaville Premium Outlets,7,Tesla,24
Vacaville Premium Outlets,10,"Other
BEV",62
Vacaville Premium Outlets,10,Tesla,68
Vine Fuels - Ceres,5,"Other
BEV",9
Vine Fuels - Ceres,5,Tesla,3
Vine Fuels - Ceres,7,"Other
BEV",18
Vine Fuels - Ceres,7,Tesla,7
Vine Fuels - Ceres,10,"Other
BEV",31
Vine Fuels - Ceres,10,Tesla,15
Vine Fuels - Salida,5,"Other
BEV",1
Vine Fuels - Salida,5,Tesla,0
Vine Fuels - Salida,7,"Other
BEV",14
Vine Fuels - Salida,7,Tesla,20
Vine Fuels - Salida,10,"Other
BEV",48
Vine Fuels - Salida,10,Tesla,63
Vintage Faire Mall,5,"Other
BEV",1
Vintage Faire Mall,5,Tesla,0
Vintage Faire Mall,7,"Other
BEV",8
Vintage Faire Mall,7,Tesla,10
Vintage Faire Mall,10,"Other
BEV",23
Vintage Faire Mall,10,Tesla,30
WAG 1175 Columbus,5,"Other
BEV",60
WAG 1175 Columbus,5,Tesla,127
WAG 1175 Columbus,7,"Other
BEV",96
WAG 1175 Columbus,7,Tesla,234
WAG 1175 Columbus,10,"Other
BEV",197
WAG 1175 Columbus,10,Tesla,520
Walgreens - Tarzana,5,"Other
BEV",74
Walgreens - Tarzana,5,Tesla,92
Walgreens - Tarzana,7,"Other
BEV",193
Walgreens - Tarzana,7,Tesla,244
Walgreens - Tarzana,10,"Other
BEV",444
Walgreens - Tarzana,10,Tesla,626
Walgreens Huntington Beach,5,"Other
BEV",154
Walgreens Huntington Beach,5,Tesla,140
Walgreens Huntington Beach,7,"Other
BEV",327
Walgreens Huntington Beach,7,Tesla,398
Walgreens Huntington Beach,10,"Other
BEV",557
Walgreens Huntington Beach,10,Tesla,853
Walmart # 3522 Baldwin Park,5,"Other
BEV",21
Walmart # 3522 Baldwin Park,5,Tesla,12
Walmart # 3522 Baldwin Park,7,"Other
BEV",59
Walmart # 3522 Baldwin Park,7,Tesla,43
Walmart # 3522 Baldwin Park,10,"Other
BEV",158
Walmart # 3522 Baldwin Park,10,Tesla,132
Walmart # 5685 Simi Valley,5,"Other
BEV",28
Walmart # 5685 Simi Valley,5,Tesla,32
Walmart # 5685 Simi Valley,7,"Other
BEV",81
Walmart # 5685 Simi Valley,7,Tesla,63
Walmart # 5685 Simi Valley,10,"Other
BEV",168
Walmart # 5685 Simi Valley,10,Tesla,138
Walmart #1574 Bakersfield,5,"Other
BEV",0
Walmart #1574 Bakersfield,7,"Other
BEV",7
Walmart #1574 Bakersfield,7,Tesla,1
Walmart #1574 Bakersfield,10,"Other
BEV",40
Walmart #1574 Bakersfield,10,Tesla,9
Walmart #1651 American Canyon,5,"Other
BEV",2
Walmart #1651 American Canyon,5,Tesla,2
Walmart #1651 American Canyon,7,"Other
BEV",10
Walmart #1651 American Canyon,7,Tesla,8
Walmart #1651 American Canyon,10,"Other
BEV",33
Walmart #1651 American Canyon,10,Tesla,24
Walmart #1693 Redlands,5,"Other
BEV",2
Walmart #1693 Redlands,5,Tesla,3
Walmart #1693 Redlands,7,"Other
BEV",10
Walmart #1693 Redlands,7,Tesla,13
Walmart #1693 Redlands,10,"Other
BEV",38
Walmart #1693 Redlands,10,Tesla,51
Walmart #1747 Perris,7,"Other
BEV",3
Walmart #1747 Perris,7,Tesla,0
Walmart #1747 Perris,10,"Other
BEV",14
Walmart #1747 Perris,10,Tesla,5
Walmart #1756 Fontana,5,"Other
BEV",8
Walmart #1756 Fontana,5,Tesla,5
Walmart #1756 Fontana,7,"Other
BEV",21
Walmart #1756 Fontana,7,Tesla,11
Walmart #1756 Fontana,10,"Other
BEV",55
Walmart #1756 Fontana,10,Tesla,28
Walmart #1853 Hemet,5,"Other
BEV",1
Walmart #1853 Hemet,5,Tesla,1
Walmart #1853 Hemet,7,"Other
BEV",2
Walmart #1853 Hemet,7,Tesla,2
Walmart #1853 Hemet,10,"Other
BEV",16
Walmart #1853 Hemet,10,Tesla,7
Walmart #1914 Highland,5,"Other
BEV",2
Walmart #1914 Highland,5,Tesla,0
Walmart #1914 Highland,7,"Other
BEV",7
Walmart #1914 Highland,7,Tesla,4
Walmart #1914 Highland,10,"Other
BEV",22
Walmart #1914 Highland,10,Tesla,14
Walmart #1941 Glendora,5,"Other
BEV",21
Walmart #1941 Glendora,5,Tesla,14
Walmart #1941 Glendora,7,"Other
BEV",66
Walmart #1941 Glendora,7,Tesla,44
Walmart #1941 Glendora,10,"Other
BEV",208
Walmart #1941 Glendora,10,Tesla,138
Walmart #1992 Upland,5,"Other
BEV",18
Walmart #1992 Upland,5,Tesla,17
Walmart #1992 Upland,7,"Other
BEV",64
Walmart #1992 Upland,7,Tesla,57
Walmart #1992 Upland,10,"Other
BEV",172
Walmart #1992 Upland,10,Tesla,151
Walmart #2028 Riverside,5,"Other
BEV",10
Walmart #2028 Riverside,5,Tesla,0
Walmart #2028 Riverside,7,"Other
BEV",31
Walmart #2028 Riverside,7,Tesla,7
Walmart #2028 Riverside,10,"Other
BEV",75
Walmart #2028 Riverside,10,Tesla,29
Walmart #2245 Oceanside,5,"Other
BEV",23
Walmart #2245 Oceanside,5,Tesla,17
Walmart #2245 Oceanside,7,"Other
BEV",59
Walmart #2245 Oceanside,7,Tesla,39
Walmart #2245 Oceanside,10,"Other
BEV",140
Walmart #2245 Oceanside,10,Tesla,89
Walmart #2251 City of Industry,5,"Other
BEV",6
Walmart #2251 City of Industry,5,Tesla,6
Walmart #2251 City of Industry,7,"Other
BEV",38
Walmart #2251 City of Industry,7,Tesla,38
Walmart #2251 City of Industry,10,"Other
BEV",167
Walmart #2251 City of Industry,10,Tesla,160
Walmart #2288 Pomona,5,"Other
BEV",15
Walmart #2288 Pomona,5,Tesla,12
Walmart #2288 Pomona,7,"Other
BEV",49
Walmart #2288 Pomona,7,Tesla,43
Walmart #2288 Pomona,10,"Other
BEV",194
Walmart #2288 Pomona,10,Tesla,175
Walmart #2401 Duarte,5,"Other
BEV",29
Walmart #2401 Duarte,5,Tesla,15
Walmart #2401 Duarte,7,"Other
BEV",79
Walmart #2401 Duarte,7,Tesla,51
Walmart #2401 Duarte,10,"Other
BEV",187
Walmart #2401 Duarte,10,Tesla,173
Walmart #2479 San Diego,5,"Other
BEV",1
Walmart #2479 San Diego,5,Tesla,0
Walmart #2479 San Diego,7,"Other
BEV",7
Walmart #2479 San Diego,7,Tesla,3
Walmart #2479 San Diego,10,"Other
BEV",76
Walmart #2479 San Diego,10,Tesla,28
Walmart #2495 Westminster,5,"Other
BEV",32
Walmart #2495 Westminster,5,Tesla,42
Walmart #2495 Westminster,7,"Other
BEV",85
Walmart #2495 Westminster,7,Tesla,106
Walmart #2495 Westminster,10,"Other
BEV",283
Walmart #2495 Westminster,10,Tesla,316
Walmart #2553 Windsor,5,"Other
BEV",10
Walmart #2553 Windsor,5,Tesla,2
Walmart #2553 Windsor,7,"Other
BEV",26
Walmart #2553 Windsor,7,Tesla,7
Walmart #2553 Windsor,10,"Other
BEV",80
Walmart #2553 Windsor,10,Tesla,33
Walmart #2697 Antioch,5,"Other
BEV",11
Walmart #2697 Antioch,5,Tesla,10
Walmart #2697 Antioch,7,"Other
BEV",33
Walmart #2697 Antioch,7,Tesla,27
Walmart #2697 Antioch,10,"Other
BEV",78
Walmart #2697 Antioch,10,Tesla,67
Walmart #2842 Corona,5,"Other
BEV",13
Walmart #2842 Corona,5,Tesla,19
Walmart #2842 Corona,7,"Other
BEV",45
Walmart #2842 Corona,7,Tesla,58
Walmart #2842 Corona,10,"Other
BEV",117
Walmart #2842 Corona,10,Tesla,125
Walmart #2952 Murrieta,5,"Other
BEV",2
Walmart #2952 Murrieta,5,Tesla,5
Walmart #2952 Murrieta,7,"Other
BEV",11
Walmart #2952 Murrieta,7,Tesla,12
Walmart #2952 Murrieta,10,"Other
BEV",66
Walmart #2952 Murrieta,10,Tesla,54
Walmart #3276 San Bernardino,5,"Other
BEV",1
Walmart #3276 San Bernardino,7,"Other
BEV",9
Walmart #3276 San Bernardino,7,Tesla,3
Walmart #3276 San Bernardino,10,"Other
BEV",36
Walmart #3276 San Bernardino,10,Tesla,10
Walmart #3464 Chino,5,"Other
BEV",3
Walmart #3464 Chino,5,Tesla,3
Walmart #3464 Chino,7,"Other
BEV",15
Walmart #3464 Chino,7,Tesla,23
Walmart #3464 Chino,10,"Other
BEV",119
Walmart #3464 Chino,10,Tesla,133
Walmart #3516 Chula Vista,7,"Other
BEV",20
Walmart #3516 Chula Vista,7,Tesla,12
Walmart #3516 Chula Vista,10,"Other
BEV",116
Walmart #3516 Chula Vista,10,Tesla,88
Walmart #3796 Ontario,5,"Other
BEV",11
Walmart #3796 Ontario,5,Tesla,6
Walmart #3796 Ontario,7,"Other
BEV",32
Walmart #3796 Ontario,7,Tesla,16
Walmart #3796 Ontario,10,"Other
BEV",130
Walmart #3796 Ontario,10,Tesla,79
Walmart #4171 Garden Grove,5,"Other
BEV",36
Walmart #4171 Garden Grove,5,Tesla,21
Walmart #4171 Garden Grove,7,"Other
BEV",100
Walmart #4171 Garden Grove,7,Tesla,71
Walmart #4171 Garden Grove,10,"Other
BEV",258
Walmart #4171 Garden Grove,10,Tesla,195
Walmart #5072 Torrance,5,"Other
BEV",25
Walmart #5072 Torrance,5,Tesla,24
Walmart #5072 Torrance,7,"Other
BEV",103
Walmart #5072 Torrance,7,Tesla,74
Walmart #5072 Torrance,10,"Other
BEV",364
Walmart #5072 Torrance,10,Tesla,233
Walmart #5139 Dixon,5,"Other
BEV",1
Walmart #5139 Dixon,5,Tesla,1
Walmart #5139 Dixon,7,"Other
BEV",6
Walmart #5139 Dixon,7,Tesla,5
Walmart #5139 Dixon,10,"Other
BEV",15
Walmart #5139 Dixon,10,Tesla,10
Walmart #5215 Delano,10,"Other
BEV",1
Walmart #5425 San Jacinto,5,"Other
BEV",2
Walmart #5425 San Jacinto,5,Tesla,0
Walmart #5425 San Jacinto,7,"Other
BEV",7
Walmart #5425 San Jacinto,7,Tesla,1
Walmart #5425 San Jacinto,10,"Other
BEV",13
Walmart #5425 San Jacinto,10,Tesla,4
Walmart #5884 San Jose Almaden,5,"Other
BEV",58
Walmart #5884 San Jose Almaden,5,Tesla,22
Walmart #5884 San Jose Almaden,7,"Other
BEV",331
Walmart #5884 San Jose Almaden,7,Tesla,163
Walmart #5884 San Jose Almaden,10,"Other
BEV",2137
Walmart #5884 San Jose Almaden,10,Tesla,1115
Walmart 5435 San Jose (Story Rd),5,"Other
BEV",4
Walmart 5435 San Jose (Story Rd),5,Tesla,4
Walmart 5435 San Jose (Story Rd),10,"Other
BEV",140
Walmart 5435 San Jose (Story Rd),10,Tesla,102
Walmart Huntington Beach #2636,5,"Other
BEV",83
Walmart Huntington Beach #2636,5,Tesla,98
Walmart Huntington Beach #2636,7,"Other
BEV",222
Walmart Huntington Beach #2636,7,Tesla,246
Walmart Huntington Beach #2636,10,"Other
BEV",566
Walmart Huntington Beach #2636,10,Tesla,679
Walmart La Habra #3248,5,"Other
BEV",26
Walmart La Habra #3248,5,Tesla,32
Walmart La Habra #3248,7,"Other
BEV",99
Walmart La Habra #3248,7,Tesla,102
Walmart La Habra #3248,10,"Other
BEV",379
Walmart La Habra #3248,10,Tesla,350
Warner Center,5,"Other
BEV",11
Warner Center,5,Tesla,27
Warner Center,7,"Other
BEV",45
Warner Center,7,Tesla,92
Warner Center,10,"Other
BEV",166
Warner Center,10,Tesla,248
West Valley Mall,7,"Other
BEV",2
West Valley Mall,7,Tesla,1
West Valley Mall,10,"Other
BEV",69
West Valley Mall,10,Tesla,41
Westlake Shopping Center,5,"Other
BEV",32
Westlake Shopping Center,5,Tesla,28
Westlake Shopping Center,7,"Other
BEV",73
Westlake Shopping Center,7,Tesla,65
Westlake Shopping Center,10,"Other
BEV",234
Westlake Shopping Center,10,Tesla,221
Westminster Mall,5,"Other
BEV",5
Westminster Mall,5,Tesla,6
Westminster Mall,7,"Other
BEV",38
Westminster Mall,7,Tesla,43
Westminster Mall,10,"Other
BEV",208
Westminster Mall,10,Tesla,239
Whole Foods- Redondo Beach,5,"Other
BEV",162
Whole Foods- Redondo Beach,5,Tesla,221
Whole Foods- Redondo Beach,7,"Other
BEV",384
Whole Foods- Redondo Beach,7,Tesla,481
Whole Foods- Redondo Beach,10,"Other
BEV",868
Whole Foods- Redondo Beach,10,Tesla,1126
Whole Foods Berkeley- Telegraph,5,"Other
BEV",173
Whole Foods Berkeley- Telegraph,5,Tesla,86
Whole Foods Berkeley- Telegraph,7,"Other
BEV",360
Whole Foods Berkeley- Telegraph,7,Tesla,184
Whole Foods Berkeley- Telegraph,10,"Other
BEV",724
Whole Foods Berkeley- Telegraph,10,Tesla,380
Whole Foods Berkeley-Gilman,5,"Other
BEV",116
Whole Foods Berkeley-Gilman,5,Tesla,36
Whole Foods Berkeley-Gilman,7,"Other
BEV",281
Whole Foods Berkeley-Gilman,7,Tesla,83
Whole Foods Berkeley-Gilman,10,"Other
BEV",662
Whole Foods Berkeley-Gilman,10,Tesla,212
Whole Foods Cupertino,5,"Other
BEV",348
Whole Foods Cupertino,5,Tesla,233
Whole Foods Cupertino,7,"Other
BEV",1088
Whole Foods Cupertino,7,Tesla,828
Whole Foods Dublin,5,"Other
BEV",128
Whole Foods Dublin,5,Tesla,110
Whole Foods Dublin,7,"Other
BEV",297
Whole Foods Dublin,7,Tesla,256
Whole Foods Dublin,10,"Other
BEV",766
Whole Foods Dublin,10,Tesla,672
Whole Foods Fremont,5,"Other
BEV",117
Whole Foods Fremont,5,Tesla,70
Whole Foods Fremont,7,"Other
BEV",496
Whole Foods Fremont,7,Tesla,247
Whole Foods Fremont,10,"Other
BEV",1127
Whole Foods Fremont,10,Tesla,542
Whole Foods Fresno,7,"Other
BEV",8
Whole Foods Fresno,7,Tesla,2
Whole Foods Fresno,10,"Other
BEV",47
Whole Foods Fresno,10,Tesla,25
Whole Foods Lafayette,5,"Other
BEV",46
Whole Foods Lafayette,5,Tesla,55
Whole Foods Lafayette,7,"Other
BEV",131
Whole Foods Lafayette,7,Tesla,154
Whole Foods Lafayette,10,"Other
BEV",341
Whole Foods Lafayette,10,Tesla,439
Whole Foods Los Altos,5,"Other
BEV",331
Whole Foods Los Altos,5,Tesla,478
Whole Foods Los Altos,7,"Other
BEV",826
Whole Foods Los Altos,7,Tesla,1168
Whole Foods Los Altos,10,"Other
BEV",1723
Whole Foods Los Altos,10,Tesla,2287
Whole Foods Mill Valley (Blithedale),5,"Other
BEV",35
Whole Foods Mill Valley (Blithedale),5,Tesla,41
Whole Foods Mill Valley (Blithedale),7,"Other
BEV",64
Whole Foods Mill Valley (Blithedale),7,Tesla,83
Whole Foods Mill Valley (Blithedale),10,"Other
BEV",252
Whole Foods Mill Valley (Blithedale),10,Tesla,336
Whole Foods Novato,5,"Other
BEV",20
Whole Foods Novato,5,Tesla,9
Whole Foods Novato,7,"Other
BEV",61
Whole Foods Novato,7,Tesla,33
Whole Foods Novato,10,"Other
BEV",181
Whole Foods Novato,10,Tesla,115
Whole Foods Oakland,5,"Other
BEV",81
Whole Foods Oakland,5,Tesla,56
Whole Foods Oakland,7,"Other
BEV",206
Whole Foods Oakland,7,Tesla,134
Whole Foods Oakland,10,"Other
BEV",795
Whole Foods Oakland,10,Tesla,461
Whole Foods Redwood City,5,"Other
BEV",199
Whole Foods Redwood City,5,Tesla,173
Whole Foods Redwood City,7,"Other
BEV",435
Whole Foods Redwood City,7,Tesla,387
Whole Foods Redwood City,10,"Other
BEV",919
Whole Foods Redwood City,10,Tesla,1036
Whole Foods San Francisco (Franklin),5,"Other
BEV",79
Whole Foods San Francisco (Franklin),5,Tesla,167
Whole Foods San Francisco (Franklin),7,"Other
BEV",171
Whole Foods San Francisco (Franklin),7,Tesla,398
Whole Foods San Francisco (Franklin),10,"Other
BEV",542
Whole Foods San Francisco (Franklin),10,Tesla,864
Whole Foods San Francisco (Market Street),5,"Other
BEV",45
Whole Foods San Francisco (Market Street),5,Tesla,85
Whole Foods San Francisco (Market Street),7,"Other
BEV",111
Whole Foods San Francisco (Market Street),7,Tesla,184
Whole Foods San Francisco (Market Street),10,"Other
BEV",380
Whole Foods San Francisco (Market Street),10,Tesla,549
Whole Foods San Francisco (Ocean Ave),5,"Other
BEV",68
Whole Foods San Francisco (Ocean Ave),5,Tesla,45
Whole Foods San Francisco (Ocean Ave),7,"Other
BEV",187
Whole Foods San Francisco (Ocean Ave),7,Tesla,129
Whole Foods San Francisco (Ocean Ave),10,"Other
BEV",641
Whole Foods San Francisco (Ocean Ave),10,Tesla,511
Whole Foods San Francisco (Potrero Hill),5,"Other
BEV",94
Whole Foods San Francisco (Potrero Hill),5,Tesla,130
Whole Foods San Francisco (Potrero Hill),7,"Other
BEV",166
Whole Foods San Francisco (Potrero Hill),7,Tesla,233
Whole Foods San Francisco (Potrero Hill),10,"Other
BEV",348
Whole Foods San Francisco (Potrero Hill),10,Tesla,460
Whole Foods San Francisco (SOMA),5,"Other
BEV",49
Whole Foods San Francisco (SOMA),5,Tesla,141
Whole Foods San Francisco (SOMA),7,"Other
BEV",145
Whole Foods San Francisco (SOMA),7,Tesla,342
Whole Foods San Francisco (SOMA),10,"Other
BEV",769
Whole Foods San Francisco (SOMA),10,Tesla,805
Whole Foods San Jose (The Alameda),5,"Other
BEV",87
Whole Foods San Jose (The Alameda),5,Tesla,116
Whole Foods San Jose (The Alameda),7,"Other
BEV",228
Whole Foods San Jose (The Alameda),7,Tesla,283
Whole Foods San Jose (The Alameda),10,"Other
BEV",607
Whole Foods San Jose (The Alameda),10,Tesla,631
Whole Foods Santa Cruz,5,"Other
BEV",53
Whole Foods Santa Cruz,5,Tesla,21
Whole Foods Santa Cruz,7,"Other
BEV",109
Whole Foods Santa Cruz,7,Tesla,43
Whole Foods Santa Cruz,10,"Other
BEV",213
Whole Foods Santa Cruz,10,Tesla,109
Whole Foods Santa Rosa (Coddingtown Mall),5,"Other
BEV",15
Whole Foods Santa Rosa (Coddingtown Mall),5,Tesla,4
Whole Foods Santa Rosa (Coddingtown Mall),7,"Other
BEV",66
Whole Foods Santa Rosa (Coddingtown Mall),7,Tesla,15
Whole Foods Santa Rosa (Coddingtown Mall),10,"Other
BEV",260
Whole Foods Santa Rosa (Coddingtown Mall),10,Tesla,69
Whole Foods Walnut Creek (Ygnacio Rd),5,"Other
BEV",33
Whole Foods Walnut Creek (Ygnacio Rd),5,Tesla,38
Whole Foods Walnut Creek (Ygnacio Rd),7,"Other
BEV",99
Whole Foods Walnut Creek (Ygnacio Rd),7,Tesla,107
Whole Foods Walnut Creek (Ygnacio Rd),10,"Other
BEV",267
Whole Foods Walnut Creek (Ygnacio Rd),10,Tesla,261
WinCo - Moreno Valley,5,"Other
BEV",6
WinCo - Moreno Valley,5,Tesla,2
WinCo - Moreno Valley,7,"Other
BEV",16
WinCo - Moreno Valley,7,Tesla,5
WinCo - Moreno Valley,10,"Other
BEV",34
WinCo - Moreno Valley,10,Tesla,16
